papel;cotacao_ontem;cotacao;pl;pvp;psr;dy;pa;pcg;pebit;pacl;evebit;evebitda;mrgebit;mrgliq;roic;roe;liqc;liq2m;patrliq;divbpatr;c5y
ABCB4;20.88999938964844;21.25;6.9;0.98;0.0;0.0602;0.0;0.0;0.0;0.0;0.0;0.0;0.0;0.0;0.0;0.1418;0.0;17445800.0;4910570000.0;0.0;0.20800000000000002
ABEV3;16.1200008392334;16.03;18.64;2.93;3.282;0.037599999999999995;1.848;58.16;16.29;-23.36;15.48;11.57;0.20149999999999998;0.1827;0.1533;0.157;1.13;370201000.0;86263100000.0;0.04;0.1195
AERI3;2.1600000858306885;2.16;33100.4;1.71;0.688;0.0096;0.495;1.26;9.35;-9.18;13.85;10.93;0.0735;0.0;0.0966;0.0001;2.49;10460900.0;967394000.0;1.71;0.0
AESB3;9.600000381469728;9.56;15.15;1.75;2.127;0.0092;0.403;2.26;19.13;-1.0;34.2;12.22;0.1112;0.1777;0.0285;0.11539999999999999;2.75;24679700.0;3274150000.0;2.42;3.7937
AGRO3;30.8799991607666;30.88;6.08;1.43;1.648;0.1502;0.945;2.86;4.67;6.88;4.93;4.39;0.3525;0.2711;0.2641;0.2347;3.28;16781500.0;2216050000.0;0.32;0.4925
ALLD3;8.510000228881836;8.68;5.95;0.54;0.141;0.1;0.193;0.73;3.64;2.57;5.13;3.86;0.038900000000000004;0.023799999999999998;0.0947;0.0904;1.59;702296.0;1505200000.0;0.42;0.0015
ALPA4;22.989999771118164;23.6;29.44;2.81;4.091;0.015600000000000001;2.113;11.78;26.02;14.43;25.94;21.35;0.1573;0.1384;0.0915;0.0955;1.83;84258500.0;5733070000.0;0.04;0.002
ALSO3;21.13999938964844;21.1;21.92;0.84;5.34;0.0182;0.495;4.49;10.23;-3.8;7.53;5.51;0.522;0.2921;0.0558;0.0381;2.52;37706700.0;6708840000.0;0.0;0.3336
AMAR3;2.569999933242798;2.67;-14.35;0.86;0.325;0.0;0.253;1.58;2.92;-1.13;7.64;4.06;0.11130000000000001;-0.0226;0.106;-0.059699999999999996;1.5;11499200.0;1069350000.0;1.62;-0.018799999999999997
AMBP3;28.729999542236328;29.49;27.67;3.22;1.142;0.0103;0.53;2.86;7.37;-1.29;12.9;7.8;0.155;0.051;0.09539999999999998;0.1162;1.87;26906400.0;1035450000.0;3.75;1.8587
AMER3;19.8700008392334;20.82;38.27;1.25;0.657;0.0297;0.437;2.14;13.36;-2.12;19.67;8.39;0.0492;0.0172;0.0454;0.032799999999999996;1.84;500332000.0;15106000000.0;1.03;0.4374
ANIM3;6.28000020980835;6.45;-8.29;0.97;0.753;0.0;0.249;8.03;4.1;-0.49;10.15;5.32;0.18359999999999999;-0.07730000000000001;0.0698;-0.11689999999999999;1.18;19419400.0;2688960000.0;1.88;0.3187
APER3;27.75;27.86;0.0;1.25;2.916;0.0019;0.813;4.55;0.0;-57.81;0.0;0.0;0.0;0.0;0.0;0.0;2.1;728103.0;434998000.0;0.0;0.1984
ARML3;15.520000457763672;15.85;55.74;4.9;7.975;0.022400000000000003;1.84;5.88;24.85;-8.44;28.14;19.75;0.321;0.1431;0.1103;0.08789999999999999;4.35;7174480.0;1119420000.0;1.44;0.0
ARZZ3;101.52999877929688;102.0;27.99;4.51;3.075;0.016;2.68;14.79;24.64;22.89;23.85;18.75;0.12480000000000001;0.109;0.1566;0.1611;1.53;110693000.0;2492430000.0;0.14;0.2396
ASAI3;18.1200008392334;18.11;15.28;7.37;0.518;0.0069;0.73;-42.54;6.94;-1.24;9.29;7.54;0.0746;0.0339;0.15039999999999998;0.4826;0.95;171526000.0;3311000000.0;3.43;0.6182
AZEV3;2.220000028610229;2.32;11.67;1.77;0.808;0.0;0.384;-7.39;-5.07;-0.82;-5.49;-9.94;-0.1592;0.0692;-0.087;0.1518;0.86;267708.0;101086000.0;0.32;0.26539999999999997
AZEV4;2.140000104904175;2.25;11.32;1.72;0.783;0.0;0.372;-7.17;-4.92;-0.79;-5.33;-9.66;-0.1592;0.0692;-0.087;0.1518;0.86;667788.0;101086000.0;0.32;0.26539999999999997
AZUL4;17.020000457763672;17.38;-2.52;-0.33;0.446;0.0;0.326;-0.77;3.51;-0.2;15.78;7.61;0.127;-0.1771;0.1167;0.1326;0.42;160624000.0;-18116800000.0;-1.28;0.0455
B3SA3;14.729999542236328;14.83;20.28;4.38;9.045;0.04019999999999999;1.908;14.89;15.75;-9.04;15.31;12.91;0.5744;0.4461;0.17920000000000003;0.21600000000000003;1.57;548883000.0;20653200000.0;0.61;0.25730000000000003
BBAS3;39.86000061035156;40.57;4.84;0.8;0.0;0.0883;0.0;0.0;0.0;0.0;0.0;0.0;0.0;0.0;0.0;0.16570000000000001;0.0;840265000.0;144912000000.0;0.0;0.1175
BBDC3;17.559999465942383;17.34;7.73;1.21;0.0;0.0332;0.0;0.0;0.0;0.0;0.0;0.0;0.0;0.0;0.0;0.1565;0.0;109982000.0;152704000000.0;0.0;0.16579999999999998
BBDC4;21.40999984741211;20.97;9.35;1.46;0.0;0.0302;0.0;0.0;0.0;0.0;0.0;0.0;0.0;0.0;0.0;0.1565;0.0;614894000.0;152704000000.0;0.0;0.16579999999999998
BBSE3;27.56999969482422;27.78;11.6;7.15;0.0;0.0706;4.054;0.0;9.67;0.0;0.0;0.0;0.0;0.0;0.0;0.6162;0.0;171410000.0;7770270000.0;0.0;0.0
BEEF3;12.40999984741211;12.58;10.03;10.94;0.25;0.0697;0.389;1.46;3.24;-1.29;6.04;5.19;0.0771;0.024900000000000002;0.2439;1.0912;1.68;107895000.0;698265000.0;18.34;0.1959
BKBR3;7.389999866485596;7.87;-28.02;1.46;0.655;0.0;0.547;9.97;39.58;-1.44;48.55;5.89;0.0166;-0.023399999999999997;0.0172;-0.0521;1.29;17671300.0;1485250000.0;0.71;0.09699999999999999
BLAU3;33.36000061035156;31.9;18.26;3.33;4.245;0.024900000000000002;2.401;4.4;13.63;5.55;12.48;11.87;0.3115;0.2311;0.2926;0.1821;4.3;14092900.0;1720940000.0;0.18;0.1446
BMGB4;2.609999895095825;2.6;7.96;0.39;0.0;0.12140000000000001;0.0;0.0;0.0;0.0;0.0;0.0;0.0;0.0;0.0;0.0496;0.0;1850290.0;3839240000.0;0.0;0.10550000000000001
BMOB3;15.90999984741211;15.9;20.86;1.4;1.292;0.0127;1.053;2.46;15.43;2.75;10.16;6.5;0.08380000000000001;0.061900000000000004;0.1241;0.0672;3.11;5596940.0;1030490000.0;0.0;4.0098
BOAS3;6.510000228881836;6.37;13.43;1.57;4.051;0.0124;1.306;2.8;13.98;3.16;8.79;5.12;0.2897;0.3016;0.1954;0.1167;5.14;9331080.0;2162370000.0;0.02;0.13570000000000002
BPAN4;7.710000038146973;7.68;13.44;1.3;0.0;0.0296;0.0;0.0;0.0;0.0;0.0;0.0;0.0;0.0;0.0;0.0967;0.0;28567600.0;7718810000.0;0.0;0.1722
BRAP3;23.600000381469727;23.6;1.53;1.2;0.0;0.29350000000000004;1.19;35.84;-368.02;35.99;-355.71;-355.71;0.0;0.0;-0.0034000000000000002;0.782;6.01;2507820.0;7741050000.0;0.0;0.0
BRAP4;25.549999237060547;25.58;1.66;1.3;0.0;0.2979;1.29;38.85;-398.9;39.01;-386.59;-386.59;0.0;0.0;-0.0034000000000000002;0.782;6.01;71440100.0;7741050000.0;0.0;0.0
BRFS3;13.56999969482422;14.0;-10.15;1.24;0.297;0.0;0.267;2.54;11.29;-0.83;22.3;7.21;0.0263;-0.0273;0.0385;-0.1225;1.3;170782000.0;12186900000.0;1.89;0.1281
BRIT3;3.190000057220459;3.37;478.18;1.12;1.785;0.0004;0.536;12.34;12.11;-1.73;17.27;6.39;0.1474;0.0037;0.0536;0.0024;1.26;1575910.0;1346480000.0;0.8;0.0
BRKM5;27.90999984741211;28.09;3.42;2.36;0.206;0.32880000000000004;0.244;1.58;1.18;-0.51;2.28;1.84;0.175;0.0596;0.2894;0.6912;1.55;68347900.0;9469270000.0;3.62;0.2052
BRML3;9.890000343322754;9.92;17.41;0.75;6.272;0.0054;0.447;8.79;9.83;-1.47;12.52;11.65;0.6384000000000001;0.4018;0.049100000000000005;0.043;2.26;110054000.0;10976700000.0;0.32;-0.0137
BRPR3;6.03000020980835;5.99;-1.88;0.51;8.197;0.42200000000000004;0.304;-18.32;12.64;-0.97;22.43;22.24;0.6485;-4.3647;0.026099999999999998;-0.272;0.85;16479900.0;5559390000.0;0.53;-0.0611
BRSR6;12.220000267028809;12.72;6.53;0.58;0.0;0.0808;0.0;0.0;0.0;0.0;0.0;0.0;0.0;0.0;0.0;0.0888;0.0;23552400.0;8965820000.0;0.0;0.044000000000000004
CASH3;1.2699999809265137;1.35;-16.79;1.48;3.579;0.0;0.883;2.43;-8.46;3.21;-2.85;-3.02;-0.423;-0.2065;-0.2596;-0.08810000000000001;2.2;49473300.0;789982000.0;0.0;0.8614
CBAV3;12.149999618530272;12.01;5.09;1.31;0.766;0.024;0.585;2.6;4.54;-3.45;5.45;4.12;0.1689;0.1618;0.1576;0.25780000000000003;2.57;51044400.0;5449090000.0;0.54;0.0
CCRO3;12.800000190734863;12.79;6.81;2.21;1.465;0.0128;0.54;5.8;2.81;-1.03;5.09;4.11;0.5221;0.21170000000000003;0.225;0.3245;1.7;141698000.0;11692300000.0;2.36;0.1252
CEAB3;3.5799999237060547;3.8;4.73;0.41;0.194;0.0;0.13;0.98;62.64;-0.66;128.03;7.21;0.0031;0.041100000000000005;0.0029;0.08710000000000001;1.37;20804500.0;2844630000.0;0.82;0.1916
CIEL3;5.420000076293945;5.45;12.24;1.4;2.27;0.0408;0.141;1.14;10.63;-6346.11;12.78;8.25;0.21350000000000002;0.1855;0.0508;0.11449999999999999;1.17;155483000.0;10571800000.0;0.66;-0.1611
CLSA3;6.260000228881836;6.38;-8.92;1.63;2.52;0.0;1.288;2.12;-7.39;2.32;-4.47;-5.15;-0.3407;-0.2824;-0.4619;-0.18289999999999998;4.85;4409610.0;734833000.0;0.11;0.0
CMIG3;16.729999542236328;16.73;12.75;1.81;1.045;0.0825;0.692;13.35;7.63;-1.95;9.19;7.43;0.13699999999999998;0.08199999999999999;0.1023;0.1418;1.25;5534510.0;20363500000.0;0.55;0.1093
CMIG4;11.050000190734863;11.05;8.42;1.19;0.69;0.1249;0.457;8.82;5.04;-1.29;6.6;5.34;0.13699999999999998;0.08199999999999999;0.1023;0.1418;1.25;116418000.0;20363500000.0;0.55;0.1093
CMIN3;3.690000057220459;3.71;6.62;1.6;1.657;0.14980000000000002;0.843;3.56;4.85;-10.9;4.63;3.81;0.3419;0.2502;0.2724;0.24109999999999998;2.5;34143600.0;12745500000.0;0.52;-0.4524
COCE5;48.59999847412109;49.6;7.4;1.05;0.432;0.058600000000000006;0.323;-9.98;2.65;-0.77;5.3;4.23;0.163;0.0584;0.1391;0.1418;0.89;657683.0;3678840000.0;1.12;0.1548
COGN3;2.9200000762939453;3.12;-13.96;0.46;1.207;0.0;0.21;2.66;8.99;-0.78;17.91;8.5;0.1343;-0.091;0.0279;-0.0332;1.49;103540000.0;12615400000.0;0.76;-0.06509999999999999
CPFE3;34.25;33.62;7.67;2.77;0.951;0.11720000000000001;0.588;-43.0;4.45;-1.05;6.78;5.77;0.2138;0.1275;0.1482;0.3604;0.94;89600700.0;14006800000.0;1.74;0.0913
CPLE3;6.25;6.25;5.11;0.83;0.7;0.091;0.347;6.63;4.57;-0.94;7.04;5.31;0.1533;0.1391;0.086;0.1624;1.34;4667590.0;20596200000.0;0.63;0.1393
CPLE6;6.650000095367432;6.66;5.45;0.88;0.746;0.09390000000000001;0.37;7.06;4.87;-1.0;7.34;5.54;0.1533;0.1391;0.086;0.1624;1.34;67611400.0;20596200000.0;0.63;0.1393
CRFB3;19.56999969482422;19.29;15.34;2.04;0.466;0.0351;0.512;-14.33;9.53;-1.71;12.78;9.7;0.0489;0.0332;0.0699;0.13269999999999998;0.92;96645600.0;19936000000.0;0.89;0.1406
CRPG5;26.06999969482422;26.0;5.17;0.85;0.81;0.1128;0.664;1.44;5.98;1.87;4.9;3.89;0.1354;0.1566;0.135;0.16510000000000002;4.88;323524.0;883619000.0;0.0;0.1331
CSAN3;17.899999618530273;18.24;6.94;2.18;1.099;0.043899999999999995;0.337;2.67;7.55;-0.76;15.31;9.49;0.1456;0.1631;0.0533;0.3143;1.97;138350000.0;15676900000.0;3.05;0.34600000000000003
CSED3;4.960000038146973;5.27;35.35;1.4;1.042;0.0248;0.417;3.31;6.38;-0.93;6.94;4.14;0.16329999999999997;0.029500000000000002;0.0827;0.0395;1.98;2242060.0;1441780000.0;0.78;0.0726
CSMG3;15.260000228881836;15.73;13.96;0.85;0.991;0.024399999999999998;0.479;15.79;6.41;-1.8;9.56;5.23;0.15460000000000002;0.071;0.0817;0.061;1.21;28528100.0;7020860000.0;0.53;0.0725
CSNA3;14.3100004196167;14.32;5.49;0.89;0.442;0.0638;0.247;1.47;1.49;-0.9;2.92;2.44;0.2965;0.0959;0.2339;0.1625;1.68;169656000.0;21265500000.0;1.63;0.2305
CURY3;12.0;12.2;11.15;5.49;1.782;0.056299999999999996;1.22;4.69;8.19;134.41;7.54;7.67;0.2177;0.16449999999999998;0.2048;0.4926;1.55;21900300.0;648428000.0;0.62;0.3667
CVCB3;7.0;7.14;-4.04;4.03;1.788;0.0;0.415;-2.44;-10.96;-1.38;-12.15;87.48;-0.1631;-0.4437;-0.052000000000000005;-0.997;0.78;122361000.0;491391000.0;1.81;-0.15839999999999999
CXSE3;8.84000015258789;8.77;11.56;2.41;0.0;0.0616;2.383;37.86;-318.38;37.93;-310.74;-310.9;0.0;0.0;-0.0079;0.20850000000000002;6.63;25246900.0;10914100000.0;0.0;0.0
CYRE3;19.790000915527344;19.62;10.22;1.21;1.542;0.0288;0.532;1.48;10.92;19.06;13.21;11.72;0.1411;0.1673;0.0594;0.1184;2.9;155497000.0;6484400000.0;0.62;0.1696
DASA3;20.65999984741211;20.8;-66.05;1.56;0.983;0.014199999999999999;0.465;7.54;17.93;-1.09;29.25;11.09;0.0548;-0.0147;0.0304;-0.0236;1.29;8784300.0;7471900000.0;1.33;0.3675
DESK3;10.75;11.27;30.15;1.1;1.809;3.9397;0.409;-16.37;8.37;-1.02;12.4;7.06;0.2161;0.0758;0.0611;0.0363;0.9;2912540.0;896828000.0;0.99;0.0
DEXP3;6.590000152587891;7.0;3.8;1.25;0.302;0.055;0.496;1.2;2.73;3.88;3.62;3.28;0.1106;0.0943;0.2147;0.3286;2.75;2140850.0;526608000.0;0.64;0.36119999999999997
DIRR3;17.43000030517578;17.65;16.5;1.94;1.327;0.026600000000000002;0.46;1.13;7.12;-2.15;7.79;6.79;0.1864;0.11230000000000001;0.07919999999999999;0.1176;4.64;29439700.0;1364160000.0;0.88;0.2071
DMMO3;1.7999999523162842;1.79;-41.0;-1.81;3.094;0.0;2.653;8.88;5.58;-1.41;5.11;4.56;0.5545;-0.0755;0.6163000000000001;0.044199999999999996;2.04;28945000.0;-503962000.0;-0.0;-0.1681
DMVF3;4.599999904632568;4.69;12.86;0.28;0.181;0.0;0.164;3.7;2.35;-1.17;2.05;1.03;0.077;0.0141;0.08539999999999999;0.0219;1.19;495547.0;843217000.0;0.05;0.26539999999999997
DXCO3;9.550000190734863;9.49;5.88;1.26;0.823;0.12269999999999999;0.469;4.04;4.63;-1.89;6.92;4.64;0.1778;0.1401;0.1307;0.2141;1.44;38686400.0;5740790000.0;0.96;0.2
ECOR3;5.53000020980835;5.53;23.25;1.81;0.766;0.0;0.242;-5.2;2.85;-0.32;9.4;6.4;0.2688;0.03;0.0934;0.0779;0.69;38439100.0;2125250000.0;4.72;0.1157
EGIE3;39.40999984741211;38.71;18.0;3.99;2.585;0.057800000000000004;0.796;14.18;5.24;-1.32;7.94;6.73;0.4939;0.1438;0.17370000000000002;0.22149999999999997;1.4;71243400.0;7923410000.0;2.6;0.1363
ELET3;44.08000183105469;45.57;18.62;0.98;2.656;0.011000000000000001;0.428;8.15;24.68;-1.07;28.85;18.26;0.1076;0.1441;0.0189;0.0528;1.47;475510000.0;106712000000.0;0.34;0.0406
ELET6;45.790000915527344;47.47;19.4;1.02;2.767;0.022099999999999998;0.445;8.49;25.71;-1.11;29.88;18.92;0.1076;0.1441;0.0189;0.0528;1.47;144887000.0;106712000000.0;0.34;0.0406
ELMD3;11.550000190734863;12.2;-179.96;2.32;2.92;0.0;0.876;-11.53;21.69;-2.22;28.68;13.46;0.13470000000000001;-0.0128;0.0462;-0.0129;0.67;1388700.0;735970000.0;0.91;1.1207
EMBR3;12.609999656677246;12.86;-447.08;0.66;0.466;0.0;0.187;0.67;5.74;-1.25;10.05;6.3;0.08130000000000001;-0.0007000000000000001;0.044199999999999996;-0.0015;2.03;87835600.0;14355700000.0;1.15;0.0883
ENAT3;15.670000076293944;16.12;4.25;1.09;1.632;0.106;0.715;2.96;4.51;16.16;3.46;1.78;0.36200000000000004;0.3835;0.22829999999999998;0.25670000000000004;2.63;24080900.0;3922410000.0;0.17;0.3677
ENBR3;22.299999237060547;22.25;5.82;1.15;0.677;0.0986;0.364;3.36;3.29;-0.96;6.03;5.0;0.2059;0.1278;0.1244;0.1977;1.66;71310700.0;11248700000.0;1.18;0.0866
ENEV3;13.970000267028809;13.93;18.64;1.62;4.149;0.0;0.831;6.53;15.3;-3.95;18.86;13.34;0.2713;0.2229;0.0699;0.08689999999999999;1.85;148587000.0;13627900000.0;0.75;0.1396
ENGI11;43.97999954223633;43.53;6.48;1.81;0.633;0.0687;0.305;7.76;3.0;-0.54;6.59;5.43;0.2112;0.1076;0.11710000000000001;0.28;1.19;102722000.0;9788820000.0;2.78;0.1611
ENGI3;13.25;13.46;10.01;2.8;0.979;0.0444;0.471;12.0;4.64;-0.84;8.23;6.78;0.2112;0.1076;0.11710000000000001;0.28;1.19;128439.0;9788820000.0;2.78;0.1611
ENGI4;7.579999923706055;7.47;5.56;1.56;0.543;0.0801;0.261;6.66;2.57;-0.47;6.17;5.08;0.2112;0.1076;0.11710000000000001;0.28;1.19;244610.0;9788820000.0;2.78;0.1611
ENJU3;1.4700000286102295;1.5;-2.83;0.77;2.433;0.0;0.675;0.9;-2.42;0.92;0.34;0.38;-1.0063;-0.86;-1.4765000000000001;-0.2723;7.98;2722000.0;389912000.0;0.0;0.0
EQTL3;28.68000030517578;28.16;9.81;2.01;1.14;0.0227;0.445;3.85;5.3;-0.93;9.11;7.81;0.215;0.13570000000000002;0.1024;0.2051;1.73;212497000.0;15801300000.0;2.07;0.2656
ESPA3;2.0199999809265137;2.14;30.96;0.74;0.734;0.0;0.24;8.44;-34.01;-0.75;-85.25;22.05;-0.0216;0.019799999999999998;-0.0077;0.0241;1.09;15742700.0;701805000.0;1.35;-0.068
ETER3;12.789999961853027;12.8;3.38;1.26;0.708;0.0729;0.743;1.41;3.48;2.43;2.98;2.77;0.20329999999999998;0.2094;0.2633;0.37270000000000003;3.79;10959400.0;627408000.0;0.06;0.2125
EUCA4;7.880000114440918;7.95;1.88;0.37;0.287;0.0356;0.208;1.51;1.52;-2.67;2.52;1.93;0.1889;0.1285;0.14980000000000002;0.1941;1.64;281850.0;2014710000.0;0.27;0.20829999999999999
EVEN3;7.210000038146973;7.31;9.31;0.82;0.704;0.0101;0.253;0.68;6.0;2.2;4.39;4.24;0.1173;0.1176;0.0499;0.0877;2.21;8302660.0;1899110000.0;0.24;0.0793
EZTC3;22.190000534057617;22.61;12.32;1.14;4.977;0.03;0.927;2.4;23.43;3.2;20.57;19.87;0.2125;0.4275;0.0495;0.0924;6.35;33541600.0;4387530000.0;0.09;0.0803
FESA4;53.68000030517578;52.59;4.21;1.63;1.54;0.0724;1.22;3.73;3.68;6.54;3.33;2.96;0.4188;0.36560000000000004;0.43979999999999997;0.38780000000000003;3.91;11073600.0;2843470000.0;0.13;0.2353
FHER3;14.119999885559082;14.29;1.37;1.39;0.145;0.0;0.235;0.89;1.08;-2.66;2.1;2.01;0.13419999999999999;0.10640000000000001;0.26;1.0195999999999998;1.55;7841780.0;552787000.0;1.34;0.04769999999999999
FIQE3;4.460000038146973;4.3;13.93;1.62;2.709;0.0388;0.922;3.03;10.22;15.0;8.09;4.37;0.265;0.1945;0.1618;0.11599999999999999;2.63;1510570.0;963499000.0;0.38;0.0
FLRY3;19.01000022888184;19.9;18.26;3.48;1.49;0.0404;0.941;11.65;8.85;-2.09;12.88;8.02;0.1684;0.08220000000000001;0.12539999999999998;0.19079999999999997;1.41;34162300.0;1817060000.0;1.98;0.1402
FRAS3;12.899999618530272;12.6;16.94;1.94;1.202;0.0207;0.915;2.25;9.64;10.01;9.5;7.17;0.1247;0.0711;0.1487;0.11449999999999999;2.93;2984220.0;1754880000.0;0.54;0.31370000000000003
GFSA3;7.929999828338623;8.45;12.78;0.18;0.378;0.0;0.062;0.17;8.03;-23.59;39.53;22.79;0.0471;0.0286;0.0087;0.013999999999999999;2.23;12501900.0;1786160000.0;1.0;0.06269999999999999
GGBR3;20.959999084472656;21.16;2.23;0.77;0.422;0.1465;0.469;1.8;1.77;5.52;2.0;1.77;0.23809999999999998;0.1902;0.33909999999999996;0.34509999999999996;2.22;1121170.0;47333200000.0;0.26;0.1954
GGBR4;25.25;25.54;2.69;0.93;0.51;0.12140000000000001;0.566;2.17;2.14;6.66;2.37;2.1;0.23809999999999998;0.1902;0.33909999999999996;0.34509999999999996;2.22;317392000.0;47333200000.0;0.26;0.1954
GGPS3;14.050000190734863;14.04;18.13;3.89;1.192;0.013300000000000001;1.318;5.08;13.95;-8.82;14.71;11.78;0.08539999999999999;0.0555;0.12;0.2147;2.03;38289500.0;2415200000.0;0.8;0.0
GOAU4;11.0;11.04;2.18;0.74;0.139;0.20829999999999999;0.153;0.58;0.59;1.65;0.78;0.69;0.23800000000000002;0.19649999999999998;0.3386;0.3385;2.26;84845700.0;16259200000.0;0.77;0.1954
GOLL4;10.479999542236328;10.53;-0.79;-0.22;0.39;0.0;0.267;-0.46;-1.7;-0.13;-5.68;-10.81;-0.22899999999999998;-0.4938;-0.18600000000000003;0.2767;0.25;110215000.0;-20166400000.0;-0.55;-0.07429999999999999
GRND3;7.699999809265137;7.7;11.03;1.69;2.783;0.055999999999999994;1.548;2.92;19.84;2.99;16.78;13.37;0.14029999999999998;0.2523;0.1081;0.1528;8.67;9780810.0;4121050000.0;0.03;0.0254
GUAR3;9.850000381469728;10.22;11.14;0.99;0.623;0.0538;0.361;1.9;17.48;-11.03;25.6;8.6;0.0356;0.0559;0.024300000000000002;0.08869999999999999;1.46;12819900.0;5163270000.0;0.7;0.025699999999999997
HAPV3;8.140000343322754;8.1;-230.02;1.18;3.597;0.0004;0.804;137.16;342668.0;-3.64;386379.0;48.04;0.0;-0.015600000000000001;0.0;-0.0051;1.06;450689000.0;48905400000.0;0.24;0.4608
HBOR3;3.400000095367432;3.47;7.06;0.34;0.537;0.0521;0.101;0.27;7.99;5.22;27.97;20.85;0.0672;0.1263;0.013600000000000001;0.048600000000000004;2.75;2695340.0;1351870000.0;1.09;0.17620000000000002
HBSA3;2.559999942779541;2.58;-9.88;1.45;1.489;0.0;0.307;3.11;21.63;-0.52;66.52;14.22;0.0688;-0.1507;0.016;-0.14679999999999999;1.97;11871600.0;1353670000.0;3.45;0.22699999999999998
IFCM3;6.150000095367432;6.2;-15.07;1.9;3.273;0.0;0.73;-18.99;-34.09;-2.55;-39.57;104.16;-0.096;-0.21719999999999998;-0.0286;-0.1258;0.9;7016720.0;1182990000.0;0.49;0.0
INEP3;1.7400000095367432;1.68;0.26;-0.22;12.394;0.0;0.224;-0.34;0.21;-0.12;0.75;0.74;58.70439999999999;47.6784;1.1271;-0.8371;0.13;7079500.0;-1381600000.0;-0.57;-0.1407
INEP4;1.559999942779541;1.56;0.24;-0.2;11.508;0.0;0.208;-0.32;0.2;-0.11;0.73;0.73;58.70439999999999;47.6784;1.1271;-0.8371;0.13;2306300.0;-1381600000.0;-0.57;-0.1407
INTB3;31.51000022888184;31.98;27.15;5.1;2.953;0.011399999999999999;2.621;7.06;26.35;12.29;26.07;22.78;0.1121;0.1082;0.1487;0.188;2.14;30178200.0;2052930000.0;0.26;0.2995
IRBR3;1.0499999523162842;1.12;-3.37;0.85;0.37;0.0;0.131;0.0;-1.14;0.0;0.0;0.0;-0.3237;-0.1096;0.0;-0.2511;0.0;84592900.0;3263450000.0;0.0;0.10289999999999999
ITSA3;10.399999618530272;10.38;6.91;1.36;10.449;0.0526;1.029;23.82;68.0;-11.73;71.81;45.53;0.1537;1.6014;0.0163;0.1967;1.61;1829860.0;67498000000.0;0.15;0.1528
ITSA4;10.350000381469728;10.3;6.85;1.35;10.369;0.053;1.021;23.64;67.48;-11.64;71.29;45.2;0.1537;1.6014;0.0163;0.1967;1.61;217936000.0;67498000000.0;0.15;0.1528
ITUB3;24.88999938964844;24.59;8.64;1.59;0.0;0.032400000000000005;0.0;0.0;0.0;0.0;0.0;0.0;0.0;0.0;0.0;0.1845;0.0;15131000.0;151236000000.0;0.0;-0.35609999999999997
ITUB4;29.799999237060547;29.26;10.28;1.9;0.0;0.027200000000000002;0.0;0.0;0.0;0.0;0.0;0.0;0.0;0.0;0.0;0.1845;0.0;1030480000.0;151236000000.0;0.0;-0.35609999999999997
JBSS3;24.600000381469727;24.75;2.37;1.28;0.147;0.08410000000000001;0.267;2.01;1.56;-0.73;3.76;2.95;0.0943;0.0641;0.2261;0.5395;1.48;249325000.0;42915900000.0;2.27;0.2281
JFEN3;0.8700000047683716;0.87;-0.5;-0.15;23.626;0.0;0.079;-0.54;-0.83;-0.1;-6.0;-6.1;-28.526799999999998;-48.5467;-0.10300000000000001;0.30010000000000003;0.85;103925.0;-614179000.0;-0.97;-0.5567
JHSF3;7.570000171661377;7.68;5.97;1.08;2.695;0.0453;0.55;2.61;5.51;-3.1;7.15;6.76;0.48950000000000005;0.4424;0.11230000000000001;0.18100000000000002;3.24;21642400.0;4825980000.0;0.54;0.5654
JSLG3;5.809999942779541;5.95;8.51;1.26;0.325;0.06309999999999999;0.239;1.59;3.39;-0.48;10.17;6.62;0.096;0.0382;0.0817;0.1481;1.94;2788210.0;1351730000.0;3.0;-0.4325
KEPL3;21.350000381469727;21.76;7.0;3.53;1.266;0.19870000000000002;1.57;6.77;5.17;10.66;4.88;4.53;0.24489999999999998;0.1808;0.434;0.504;1.49;22447400.0;554396000.0;0.29;0.2802
KLBN3;3.859999895095825;3.88;5.52;2.73;1.185;0.07150000000000001;0.492;2.76;3.37;-1.03;6.54;4.03;0.3519;0.2235;0.18969999999999998;0.49479999999999996;2.45;2974610.0;7973270000.0;3.5;0.1861
KLBN4;3.759999990463257;3.75;5.34;2.64;1.145;0.0739;0.476;2.67;3.25;-0.99;6.42;3.96;0.3519;0.2235;0.18969999999999998;0.49479999999999996;2.45;11602000.0;7973270000.0;3.5;0.1861
KLBN11;18.93000030517578;18.82;5.36;2.65;1.149;0.0737;0.477;2.68;3.27;-0.99;6.43;3.97;0.3519;0.2235;0.18969999999999998;0.49479999999999996;2.45;136035000.0;7973270000.0;3.5;0.1861
LAVV3;6.519999980926514;6.58;10.51;1.12;2.441;0.18789999999999998;0.731;1.19;12.54;1.38;7.63;7.57;0.19469999999999998;0.2706;0.0833;0.1066;3.85;6495510.0;1171900000.0;0.0;-0.1275
LEVE3;24.13999938964844;24.47;6.18;2.12;0.826;0.17170000000000002;1.091;4.24;5.22;13.45;5.64;4.85;0.1583;0.1332;0.2582;0.344;1.83;4553110.0;1478000000.0;0.29;0.1182
LIGT3;5.980000019073486;5.88;8.75;0.26;0.147;0.0431;0.079;0.72;1.46;-0.2;6.89;4.61;0.1005;0.0168;0.0665;0.029300000000000003;1.56;24773000.0;8548000000.0;1.42;0.0601
LJQQ3;6.550000190734863;6.5;46.83;2.32;0.554;0.0189;0.478;1.76;9.13;-3.08;10.26;6.02;0.060700000000000004;0.0118;0.065;0.049400000000000006;1.74;17021700.0;525828000.0;0.69;0.1638
LLIS3;1.5099999904632568;1.55;-0.13;-0.17;0.105;0.0;0.07;-0.79;-3.4;-0.06;-61.2;15.86;-0.031;-0.8023;-0.0229;1.3503999999999998;0.78;645086.0;-630335000.0;-2.94;-0.0821
LOGG3;25.549999237060547;26.16;6.46;0.76;15.651;0.0331;0.475;-24.13;21.13;-1.66;32.65;32.38;0.7406;2.4999000000000002;0.022799999999999997;0.11689999999999999;0.78;7127940.0;3536370000.0;0.44;0.1377
LOGN3;33.7599983215332;33.86;22.05;6.51;2.066;0.0;1.227;7.43;13.0;-2.74;16.1;10.61;0.1589;0.09369999999999999;0.1259;0.2953;1.83;14871200.0;553583000.0;2.61;0.15789999999999998
LPSB3;3.390000104904175;3.47;9.58;2.54;2.48;0.0218;1.267;11.37;18.75;-5.09;16.58;10.77;0.1323;0.34729999999999994;0.0806;0.265;1.7;823586.0;201765000.0;0.0;0.2101
LREN3;30.57999992370605;31.27;27.16;3.21;2.43;0.0195;1.478;5.55;11.38;14.39;10.91;7.99;0.21359999999999998;0.0895;0.18510000000000001;0.11810000000000001;1.71;335335000.0;9648350000.0;0.36;0.1015
LUPA3;4.320000171661377;4.19;-13.16;0.98;1.111;0.0;0.244;0.91;-18.23;-0.86;-36.84;-189.55;-0.060899999999999996;-0.08439999999999999;-0.0141;-0.0745;2.33;7106000.0;124942000.0;1.09;-0.0574
LVTC3;6.230000019073486;6.26;9.47;0.63;0.371;0.0278;0.234;0.59;1.56;34.8;0.68;0.42;0.23870000000000002;0.0392;0.185;0.0668;2.62;1610080.0;639500000.0;0.0;0.0
LWSA3;10.770000457763672;11.19;969.61;2.24;6.722;0.0;1.449;5.85;352.52;13.35;281.0;45.49;0.0191;0.0069;0.0060999999999999995;0.0023;2.16;110560000.0;2959030000.0;0.03;0.5164
MATD3;9.600000381469728;9.87;28.81;2.25;2.89;0.0091;0.815;4.67;13.71;-2.24;15.76;12.98;0.2108;0.1003;0.0702;0.0782;3.0;5511160.0;1675500000.0;0.7;0.0
MBLY3;3.0999999046325684;3.46;-3.83;0.63;0.543;0.0;0.409;0.95;-3.94;1.68;-3.69;-11.69;-0.1379;-0.1416;-0.15130000000000002;-0.1632;3.7;3574400.0;588786000.0;0.31;-0.0408
MDIA3;40.7599983215332;41.34;22.64;2.14;1.605;0.0471;1.326;4.99;19.61;24.52;21.09;14.87;0.0818;0.0709;0.0802;0.0946;2.57;66624900.0;6544000000.0;0.26;0.11230000000000001
MDNE3;7.199999809265137;7.35;6.59;0.55;0.912;0.0;0.235;1.03;5.51;-1.18;4.59;4.41;0.1654;0.1388;0.0466;0.08380000000000001;2.53;1569360.0;1130660000.0;0.07;0.1189
MEAL3;2.180000066757202;2.23;-6.97;0.6;0.291;0.0;0.225;-11.1;-53.09;-0.53;-78.3;9.58;-0.0055000000000000005;-0.0418;-0.0052;-0.0866;0.91;3225020.0;1058590000.0;0.61;0.0621
MELK3;4.550000190734863;4.45;8.58;0.78;0.99;0.09789999999999999;0.449;0.93;9.16;1.1;6.2;5.91;0.10800000000000001;0.1416;0.062400000000000004;0.0913;2.52;922443.0;1182350000.0;0.07;0.5376
MGLU3;5.119999885559082;5.37;-605.86;3.31;1.026;0.0;1.05;4.64;129.04;-10.36;146.57;32.92;0.0079;-0.0017000000000000001;0.0111;-0.0055000000000000005;1.64;802329000.0;10937800000.0;0.63;0.3005
MILS3;12.050000190734863;12.71;17.47;2.73;3.498;0.0223;1.717;5.11;12.47;20.72;12.53;7.75;0.2805;0.20010000000000003;0.1971;0.1562;3.87;13109600.0;1146950000.0;0.42;0.3699
MLAS3;5.699999809265137;5.74;7.78;1.12;1.081;0.021400000000000002;0.739;1.32;48.18;1.63;49.99;32.74;0.022400000000000003;0.139;0.018799999999999997;0.1445;3.35;8448200.0;4190240000.0;0.16;0.0
MOAR3;465.0;470.02;105.93;6.91;125179.0;0.09380000000000001;2.868;9.22;-159.06;-19.01;-160.08;-163.59;-787.0;1181.74;-0.030699999999999998;0.0652;3.53;230299.0;833408000.0;1.04;-0.3299
MOVI3;13.789999961853027;14.5;5.36;1.84;0.692;0.0395;0.225;1.46;2.05;-0.42;5.98;4.65;0.3385;0.1292;0.16899999999999998;0.3436;1.8;38911200.0;2854540000.0;5.55;0.285
MRFG3;10.029999732971191;10.42;1.03;0.99;0.066;0.2602;0.051;0.65;0.56;-0.12;3.93;3.17;0.1167;0.07780000000000001;0.1247;0.9591;1.28;156460000.0;6979340000.0;8.57;0.49369999999999997
MRVE3;12.149999618530272;12.41;10.09;0.98;0.859;0.045;0.272;0.94;14.95;-1.35;26.75;20.02;0.0575;0.09970000000000001;0.020099999999999996;0.0968;2.49;122760000.0;6144800000.0;1.01;0.0781
MTRE3;5.599999904632568;5.75;21.71;0.62;0.939;0.057;0.337;0.67;12.57;1.27;13.65;12.15;0.0747;0.048799999999999996;0.0315;0.028399999999999998;3.41;2471180.0;984994000.0;0.29;0.4799
MULT3;25.84000015258789;25.5;23.31;2.36;9.574;0.035699999999999996;1.419;167.25;15.69;-5.73;17.78;14.64;0.61;0.4104;0.10039999999999999;0.1014;1.06;104648000.0;6479050000.0;0.46;0.0401
MYPK3;12.68000030517578;13.02;3.22;0.5;0.126;0.1412;0.134;0.71;1.55;-0.72;5.14;3.65;0.0814;0.045599999999999995;0.11689999999999999;0.1539;1.56;30562600.0;4038760000.0;1.49;0.14980000000000002
NEOE3;15.359999656677246;15.4;4.45;0.73;0.414;0.0519;0.207;4.26;1.75;-0.44;5.05;4.21;0.23629999999999998;0.09539999999999998;0.134;0.165;1.25;29008100.0;25470000000.0;1.65;0.16510000000000002
NGRD3;1.899999976158142;1.86;345.46;0.99;1.728;0.008;0.616;2.07;34.51;7.48;20.31;6.98;0.0501;0.0040999999999999995;0.0288;0.0029;2.82;1921040.0;448297000.0;0.18;0.1234
NINJ3;3.2100000381469727;3.39;-5.66;0.61;2.797;0.0;0.562;0.63;-3.09;0.64;2.05;2.07;-0.9043000000000001;-0.49439999999999995;-6.2387;-0.1081;12.55;677295.0;278311000.0;0.0;0.0
NTCO3;14.350000381469728;14.45;-45.26;0.82;0.524;0.0091;0.368;5.79;13.33;-1.33;19.18;6.89;0.0393;-0.0116;0.0338;-0.0182;1.3;244439000.0;24231100000.0;0.54;-0.0783
ODPV3;9.170000076293944;9.16;11.67;4.48;2.815;0.032400000000000005;2.548;-27.91;8.11;-14.59;7.71;7.07;0.34729999999999994;0.2407;0.36469999999999997;0.3837;0.74;14526900.0;1162420000.0;0.0;0.0481
OIBR3;0.4000000059604645;0.39;-0.5;3.33;0.232;0.0;0.051;0.34;-0.61;-0.08;-4.46;-248.76;-0.3796;-0.4628;-0.0999;-6.6742;1.87;38718000.0;772597000.0;27.43;-0.2602
OIBR4;0.8700000047683716;0.86;-1.1;7.35;0.513;0.0;0.112;0.74;-1.35;-0.17;-5.2;-289.95;-0.3796;-0.4628;-0.0999;-6.6742;1.87;1312790.0;772597000.0;27.43;-0.2602
OPCT3;2.650000095367432;2.64;-14.51;0.69;0.498;0.0;0.232;7.26;14.33;-0.53;40.44;40.44;0.0347;-0.12390000000000001;0.018799999999999997;-0.04769999999999999;1.16;4114940.0;763061000.0;1.56;0.6651
ORVR3;40.470001220703125;41.18;-55.58;6.76;5.83;0.0;1.78;28.52;28.78;-3.5;34.3;19.61;0.2026;-0.09119999999999999;0.06570000000000001;-0.1217;1.4;17865500.0;435390000.0;1.35;0.3258
PARD3;23.309999465942383;24.69;16.66;3.43;1.578;0.023799999999999998;1.436;71.18;9.22;-4.81;9.72;7.04;0.17120000000000002;0.0949;0.1751;0.20559999999999998;1.08;8828160.0;943642000.0;0.23;0.1672
PCAR3;19.530000686645508;19.76;2.79;0.37;0.113;0.0179;0.116;6.38;1.63;-0.38;3.02;1.9;0.0694;0.0446;0.0934;0.1341;1.06;70169300.0;14269000000.0;0.59;-0.0361
PDGR3;0.6899999976158142;0.7;0.05;-0.01;0.137;0.0;0.032;-0.02;-0.93;-0.01;-26.85;-27.36;-0.1464;2.7142;-0.0473;-0.16329999999999997;0.3;921137.0;-4751960000.0;-0.25;-0.0225
PETR3;36.54999923706055;37.63;3.04;1.2;0.864;0.4422;0.489;9.15;1.9;-1.34;2.6;2.02;0.4547;0.2854;0.2952;0.3935;1.31;822353000.0;410545000000.0;0.68;0.1306
PETR4;32.54999923706055;33.66;2.72;1.07;0.773;0.49439999999999995;0.437;8.19;1.7;-1.2;2.4;1.87;0.4547;0.2854;0.2952;0.3935;1.31;2879870000.0;410545000000.0;0.68;0.1306
PETZ3;10.670000076293944;10.93;70.12;2.81;2.064;0.0031;1.456;8.92;22.69;-10.58;21.58;10.7;0.091;0.0294;0.07980000000000001;0.0401;1.9;125679000.0;1796110000.0;0.08;0.3736
PFRM3;4.28000020980835;4.38;5.68;0.47;0.077;0.061799999999999994;0.126;0.59;1.89;3.66;4.81;3.27;0.0408;0.0147;0.0944;0.08199999999999999;1.46;941458.0;1165640000.0;0.89;0.1491
PGMN3;6.320000171661377;6.36;22.06;1.3;0.357;0.0;0.438;2.43;8.02;-2.8;9.86;5.22;0.0446;0.016200000000000003;0.0723;0.058899999999999994;1.55;8051920.0;2172580000.0;0.46;0.0796
PLPL3;4.28000020980835;4.48;8.41;2.62;0.714;0.036000000000000004;0.656;0.94;3.2;4.61;3.79;3.53;0.2234;0.0849;0.2815;0.3122;4.64;3215280.0;348628000.0;1.33;0.1139
PMAM3;6.170000076293945;6.0;-0.26;-0.2;0.072;0.0;0.089;-0.45;-1.79;-0.08;-22.75;-116.86;-0.0403;-0.2771;-0.0623;0.7597;0.64;889612.0;-1316810000.0;-2.33;-0.0377
PNVL3;12.25;12.18;22.12;1.7;0.511;0.0155;0.731;2.82;19.4;-135.77;27.3;9.5;0.0263;0.0231;0.04650000000000001;0.0767;1.85;6585370.0;1079580000.0;0.81;0.11449999999999999
POMO4;2.75;2.76;8.46;0.87;0.661;0.0134;0.371;1.83;47.28;-10.68;70.7;24.1;0.013999999999999999;0.07519999999999999;0.0104;0.1033;1.61;14031500.0;2990420000.0;0.8;0.0064
POSI3;12.149999618530272;12.46;8.33;1.38;0.387;0.0273;0.411;1.15;5.37;2.83;8.5;7.49;0.07200000000000001;0.047;0.1131;0.16620000000000001;1.73;36484100.0;1276470000.0;1.1;0.23129999999999998
PRIO3;31.299999237060547;31.61;10.39;3.41;4.558;0.0;1.713;3.98;8.0;-191.72;8.03;6.4;0.5694;0.4388;0.37020000000000003;0.3287;8.2;403673000.0;8171630000.0;0.81;0.7165
PSSA3;21.51000022888184;21.4;15.38;1.47;0.575;0.0565;0.301;5.08;0.7;-1.93;0.22;0.22;0.8229000000000001;0.0374;0.5425;0.0956;1.1;48313300.0;9409950000.0;0.0;0.07690000000000001
PTBL3;11.760000228881836;11.85;7.36;3.69;0.783;0.0787;0.753;7.02;4.28;-2.26;5.66;4.7;0.183;0.10640000000000001;0.24480000000000002;0.5009;1.3;9174820.0;453307000.0;1.61;0.20989999999999998
QUAL3;8.779999732971191;9.04;9.03;1.84;1.254;0.028300000000000002;0.52;4.07;3.41;-1.41;5.37;3.55;0.368;0.1445;0.2157;0.2036;1.58;28858600.0;1396870000.0;1.87;0.0103
RADL3;23.65499496459961;23.82;47.97;7.85;1.492;0.0105;2.434;12.12;26.12;-18.22;27.15;14.1;0.0571;0.0319;0.1276;0.1636;1.57;137835000.0;5014180000.0;0.47;0.1736
RAIL3;19.559999465942383;19.81;-100.2;2.49;4.508;0.001;0.816;8.58;22.13;-1.77;28.49;12.94;0.20370000000000002;-0.045599999999999995;0.0435;-0.024900000000000002;1.85;227631000.0;14745900000.0;1.14;0.0642
RAIZ4;4.429999828338623;4.46;15.92;2.07;0.207;0.0182;0.436;4.9;9.03;-1.46;15.81;6.22;0.0229;0.0138;0.0622;0.13;1.23;59360900.0;22305500000.0;1.81;1.0711
RANI3;8.34000015258789;8.39;5.78;2.0;1.228;0.0801;0.786;3.49;3.79;-3.07;4.93;4.18;0.32380000000000003;0.2125;0.26789999999999997;0.3464;2.79;10109700.0;1032490000.0;1.07;0.16899999999999998
RAPT4;9.869999885559082;10.02;4.88;1.22;0.321;0.0723;0.278;0.83;2.47;-8.47;4.6;3.9;0.13019999999999998;0.0849;0.1593;0.24969999999999998;2.08;25273200.0;2708390000.0;1.94;0.2896
RCSL3;2.8499999046325684;2.87;-36.1;-2.86;1.454;0.0;1.692;31.94;745.26;-1.48;740.91;92.77;0.002;-0.0403;0.0024;0.07919999999999999;1.13;1311170.0;-38059000.0;-0.0;4.2188
RCSL4;1.0099999904632568;1.03;-12.96;-1.03;0.522;0.0;0.607;11.46;267.46;-0.53;263.11;32.95;0.002;-0.0403;0.0024;0.07919999999999999;1.13;475051.0;-38059000.0;-0.0;4.2188
RDOR3;31.68000030517578;32.38;49.08;4.81;3.011;0.013000000000000001;1.161;4.09;16.84;-3.85;20.87;15.38;0.1788;0.0639;0.0946;0.09789999999999999;2.87;161066000.0;13542900000.0;2.19;0.29309999999999997
RECV3;28.799999237060547;29.03;13.53;2.64;4.378;0.0048;1.359;17.58;10.8;-9.94;9.44;6.99;0.4053;0.3237;0.17809999999999998;0.195;1.29;66600600.0;3221120000.0;0.18;0.0
RENT3;66.01000213623047;66.67;31.32;7.8;5.856;0.0125;2.15;19.63;17.83;-5.03;20.34;17.11;0.3284;0.1869;0.17550000000000002;0.2491;1.58;415711000.0;8381750000.0;1.88;0.1246
ROMI3;15.739999771118164;16.12;6.39;1.34;0.887;0.0467;0.642;2.18;6.62;7.32;8.97;7.24;0.134;0.1391;0.1144;0.2097;1.94;7737500.0;971079000.0;0.61;0.2321
RRRP3;43.04999923706055;43.01;-39.55;2.25;7.159;0.0;1.456;-138.43;19.23;-6.88;18.36;13.25;0.3722;-0.209;0.08410000000000001;-0.056799999999999996;0.93;159805000.0;3879970000.0;0.03;0.0
SANB3;15.170000076293944;15.23;7.28;1.42;0.0;0.0809;0.0;0.0;0.0;0.0;0.0;0.0;0.0;0.0;0.0;0.19510000000000002;0.0;2300220.0;80345600000.0;0.0;0.12140000000000001
SANB4;16.90999984741211;16.81;8.04;1.57;0.0;0.08070000000000001;0.0;0.0;0.0;0.0;0.0;0.0;0.0;0.0;0.0;0.19510000000000002;0.0;2873180.0;80345600000.0;0.0;0.12140000000000001
SAPR3;3.4100000858306885;3.41;4.58;0.63;0.942;0.06309999999999999;0.329;5.11;2.52;-1.01;4.27;3.55;0.37420000000000003;0.20559999999999998;0.1445;0.1383;1.71;1995090.0;8133910000.0;0.59;0.0748
SAPR4;3.640000104904175;3.63;4.88;0.67;1.003;0.0652;0.35;5.44;2.68;-1.08;4.44;3.69;0.37420000000000003;0.20559999999999998;0.1445;0.1383;1.71;12464000.0;8133910000.0;0.59;0.0748
SAPR11;17.889999389648438;17.74;4.77;0.66;0.98;0.0655;0.342;5.32;2.62;-1.05;4.38;3.64;0.37420000000000003;0.20559999999999998;0.1445;0.1383;1.71;23547500.0;8133910000.0;0.59;0.0748
SBFG3;20.96999931335449;20.99;9.14;2.25;0.855;0.005600000000000001;0.685;3.06;9.33;-3.3;13.18;8.12;0.0916;0.0934;0.0906;0.24600000000000002;1.85;34956600.0;2274900000.0;1.11;0.4714
SBSP3;57.900001525878906;57.2;16.06;1.49;1.921;0.0165;0.725;27.26;9.43;-1.82;13.07;8.35;0.20370000000000002;0.11960000000000001;0.08130000000000001;0.0926;1.3;257374000.0;26274200000.0;0.67;0.0762
SEER3;7.800000190734863;7.9;-16.75;0.72;0.652;0.015600000000000001;0.309;7.99;4.7;-0.8;6.66;3.49;0.1389;-0.038900000000000004;0.0693;-0.0433;1.26;5656180.0;1403270000.0;0.4;0.0487
SEQL3;6.300000190734863;6.21;-15.06;1.59;0.492;0.0;0.439;10.12;24.5;-1.11;40.13;7.96;0.020099999999999996;-0.0327;0.0219;-0.10550000000000001;1.15;17852000.0;548359000.0;1.25;0.34450000000000003
SHOW3;2.940000057220459;2.98;-8.31;1.34;0.787;0.0;0.357;3.72;12.68;-3.02;6.39;4.63;0.062;-0.0908;0.0748;-0.16079999999999997;1.18;852380.0;150432000.0;0.75;-0.4461
SHUL4;4.670000076293945;4.63;7.52;1.7;0.891;0.036699999999999997;0.736;1.74;7.25;8.37;8.97;7.16;0.1229;0.1185;0.1404;0.2256;2.82;1219330.0;975594000.0;0.9;0.22089999999999999
SIMH3;10.390000343322754;10.7;11.89;3.41;0.494;0.057699999999999994;0.169;0.7;2.08;-0.34;7.18;5.43;0.23809999999999998;0.07200000000000001;0.129;0.2866;2.42;24884900.0;2632110000.0;14.08;0.6413
SLCE3;42.119998931884766;42.62;5.96;1.87;1.011;0.056900000000000006;0.631;3.12;3.53;-3.23;4.77;4.47;0.2866;0.1775;0.1948;0.3139;1.83;76669000.0;4840220000.0;0.79;0.34380000000000005
SMFT3;15.399999618530272;16.48;-21.94;2.34;4.195;0.0;0.893;5.29;-82.77;-2.84;-84.95;13.79;-0.0507;-0.1902;-0.0148;-0.1066;2.27;24354300.0;4131640000.0;0.73;0.1911
SMTO3;26.3700008392334;25.89;6.06;1.7;1.495;0.08470000000000001;0.51;3.38;4.41;-1.35;7.47;4.03;0.33899999999999997;0.24670000000000003;0.1426;0.281;1.89;46664600.0;5382590000.0;1.71;0.1618
SOJA3;12.84000015258789;13.1;12.99;2.35;1.29;0.0031;0.947;4.29;13.33;5.21;16.04;15.77;0.0967;0.0993;0.08220000000000001;0.1812;1.39;3621100.0;652036000.0;0.61;1.0137
SOMA3;14.0600004196167;14.66;30.33;1.58;2.769;0.0062;1.121;6.57;28.42;233.94;30.88;20.73;0.0974;0.0913;0.0432;0.0519;2.39;84135000.0;7304400000.0;0.17;1.5628
SQIA3;19.670000076293945;20.63;55.78;2.33;3.724;0.0032;1.278;-23.88;37.99;-3.64;41.56;18.82;0.098;0.0643;0.035699999999999996;0.0417;0.64;12185700.0;780032000.0;0.32;0.3608
STBP3;8.239999771118164;8.27;18.94;3.03;4.01;0.0819;1.413;8.91;14.6;-5.12;13.21;9.25;0.2747;0.21170000000000003;0.125;0.16010000000000002;2.59;35769300.0;2355220000.0;0.14;0.1793
SULA11;23.38999938964844;24.02;24.79;1.24;0.485;0.009399999999999999;0.346;0.94;-15.71;-5.15;5.76;7.65;-0.0308;0.0195;-0.0516;0.049800000000000004;2.3;58723200.0;8281900000.0;0.36;0.015300000000000001
SUZB3;46.93999862670898;46.76;5.38;2.65;1.463;0.0285;0.519;2.83;3.75;-1.0;6.99;4.92;0.3907;0.2723;0.1724;0.4916;2.87;253733000.0;24062000000.0;3.13;0.3693
TAEE4;13.220000267028809;13.26;6.58;1.92;4.149;0.1335;0.752;5.13;5.17;-1.92;7.73;7.66;0.8026000000000001;0.631;0.16269999999999998;0.2913;3.09;2207390.0;7154160000.0;1.21;0.3191
TAEE11;39.59000015258789;39.71;6.56;1.91;4.142;0.1338;0.75;5.12;5.16;-1.92;7.72;7.65;0.8026000000000001;0.631;0.16269999999999998;0.2913;3.09;77947100.0;7154160000.0;1.21;0.3191
TASA3;16.75;16.82;3.05;2.2;0.718;0.0946;0.945;4.25;2.22;9.46;2.57;2.49;0.324;0.23559999999999998;0.5373;0.722;1.5;578342.0;926833000.0;0.64;0.4047
TASA4;16.3799991607666;16.35;2.96;2.14;0.698;0.0973;0.919;4.13;2.16;9.19;2.51;2.43;0.324;0.23559999999999998;0.5373;0.722;1.5;14904600.0;926833000.0;0.64;0.4047
TCSA3;3.7799999713897705;3.81;-2.33;0.49;2.058;0.0;0.182;0.51;-2.98;-3.06;-7.44;-8.6;-0.6899;-0.8914;-0.0684;-0.20980000000000001;3.31;1149100.0;573852000.0;1.01;-0.0815
TECN3;2.240000009536743;2.23;4.86;0.49;0.472;0.0383;0.266;0.54;2.47;1.44;3.31;3.72;0.1912;0.0971;0.1316;0.1015;4.27;1508950.0;336763000.0;0.38;0.0152
TEND3;6.920000076293945;7.04;-1.65;0.71;0.3;0.0;0.167;0.93;-3.73;-0.64;-7.09;-9.74;-0.0805;-0.1844;-0.056600000000000004;-0.4263;1.55;26855600.0;1041290000.0;1.43;0.1475
TFCO4;13.344690322875977;13.45;22.91;7.04;4.128;0.0132;4.289;8.25;18.89;12.09;19.1;18.41;0.21850000000000003;0.1802;0.2924;0.3074;3.31;3325190.0;305055000.0;0.28;0.5043
TGMA3;20.3799991607666;20.6;12.05;1.92;1.257;0.0472;1.379;4.66;11.5;8.01;11.61;9.79;0.1092;0.1043;0.142;0.1595;2.88;4757940.0;707573000.0;0.19;-0.0346
TIMS3;12.029999732971191;12.02;10.81;1.15;1.499;0.051699999999999996;0.536;-31.35;8.52;-1.44;9.24;3.38;0.1759;0.1388;0.0712;0.1063;0.9;114801000.0;25331500000.0;0.19;0.0645
TOTS3;31.309999465942383;31.16;46.79;4.44;5.239;0.0074;1.882;7.55;15.54;42.4;14.88;12.29;0.3371;0.1168;0.16399999999999998;0.0949;1.72;124160000.0;4331690000.0;0.4;0.1259
TPIS3;1.7799999713897705;1.87;2.31;0.33;0.267;0.01;0.105;-1.14;1.01;-0.17;6.16;3.53;0.2648;0.12;0.1091;0.1452;0.4;1978230.0;983235000.0;1.79;-0.0209
TRAD3;4.03000020980835;4.05;-1255.08;1.92;11.001;0.0001;1.842;4.7;-17.91;4.75;-14.26;-18.44;-0.6144;-0.0083;-0.1674;-0.0015;11.19;2378920.0;589711000.0;0.01;0.0
TRIS3;5.519999980926514;5.54;12.84;0.83;1.406;0.039599999999999996;0.448;0.91;8.78;1.83;11.59;11.45;0.1602;0.1174;0.0613;0.0649;3.54;4791340.0;1240270000.0;0.53;0.12
TRPL4;23.530000686645508;23.55;5.49;0.99;2.603;0.063;0.497;4.24;4.01;-1.42;5.8;5.76;0.6484000000000001;0.4808;0.12869999999999998;0.1813;7.49;43854600.0;15601500000.0;0.51;0.20629999999999998
TTEN3;12.140000343322754;12.57;14.08;2.58;1.017;0.0012;1.129;3.51;17.46;5.72;18.87;17.33;0.0582;0.0722;0.1161;0.183;1.74;22504800.0;2420120000.0;0.58;0.0
TUPY3;25.8799991607666;26.47;8.57;1.31;0.434;0.011200000000000002;0.483;1.44;4.59;41.72;6.56;4.54;0.0946;0.0501;0.1502;0.1523;2.1;23660900.0;2922440000.0;0.85;0.16870000000000002
UGPA3;12.510000228881836;12.58;8.48;1.29;0.112;0.0463;0.387;1.9;6.61;-3.02;10.6;7.84;0.0169;0.0134;0.0901;0.15259999999999999;1.57;84597500.0;10841200000.0;1.34;0.08779999999999999
UNIP3;88.47000122070312;88.38;3.76;2.85;1.192;0.1664;1.335;4.41;3.16;-142.89;2.93;2.71;0.3775;0.31989999999999996;0.6504000000000001;0.7583;2.42;2362640.0;3220550000.0;0.44;0.23190000000000002
UNIP6;98.72000122070312;97.73;4.16;3.15;1.318;0.1655;1.477;4.88;3.49;-158.01;3.26;3.02;0.3775;0.31989999999999996;0.6504000000000001;0.7583;2.42;21939900.0;3220550000.0;0.44;0.23190000000000002
UNIP5;97.68000030517578;98.1;4.17;3.16;1.323;0.1649;1.482;4.89;3.5;-158.61;3.28;3.03;0.3775;0.31989999999999996;0.6504000000000001;0.7583;2.42;73496.5;3220550000.0;0.44;0.23190000000000002
USIM3;8.529999732971191;8.53;1.77;0.45;0.32;0.0876;0.259;0.69;1.37;1.6;1.43;1.28;0.23309999999999997;0.19829999999999998;0.2465;0.2544;3.51;4723210.0;23788600000.0;0.25;0.2982
USIM5;7.889999866485596;7.88;1.63;0.42;0.295;0.1043;0.239;0.64;1.27;1.47;1.32;1.18;0.23309999999999997;0.19829999999999998;0.2465;0.2544;3.51;182157000.0;23788600000.0;0.25;0.2982
VALE3;76.95999908447266;75.55;3.48;1.94;1.455;0.0999;0.817;17.65;2.76;-2.2;2.98;2.66;0.5267000000000001;0.42229999999999995;0.3395;0.5574;1.32;2482660000.0;185951000000.0;0.36;0.2484
VAMO3;15.0;15.21;31.61;5.42;4.125;0.0123;1.233;6.87;13.82;-2.92;17.75;14.23;0.2986;0.1305;0.1361;0.17129999999999998;2.05;49426200.0;2880040000.0;2.5;0.7308
VIIA3;3.609999895095825;3.9;-10.66;1.11;0.204;0.0;0.183;-2.57;4.39;-0.51;9.77;5.57;0.04650000000000001;-0.0192;0.055999999999999994;-0.10400000000000001;0.87;267097000.0;5627000000.0;1.58;0.0507
VIVA3;27.82999992370605;28.04;19.01;4.36;3.661;0.011699999999999999;2.594;7.13;19.17;15.15;19.04;15.09;0.191;0.1925;0.1638;0.22940000000000002;2.71;27496400.0;1518840000.0;0.15;0.5495
VIVR3;0.5099999904632568;0.51;-1.66;-0.44;1.277;0.0;0.267;-0.43;-1.75;-0.24;-6.31;-6.49;-0.7297;-0.7659;-0.1716;0.2644;0.44;2148780.0;-191558000.0;-1.25;0.5667
VIVT3;40.09000015258789;39.58;12.13;0.98;1.452;0.0862;0.553;-8.52;12.21;-1.95;14.65;4.49;0.1189;0.1189;0.050199999999999995;0.08039999999999999;0.7;116818000.0;68030000000.0;0.24;0.009399999999999999
VLID3;10.449999809265137;10.56;14.79;0.73;0.4;0.0269;0.297;1.5;3.04;-2.83;5.78;3.94;0.1315;0.0263;0.1143;0.049699999999999994;1.72;2685520.0;1204690000.0;0.89;0.07769999999999999
VULC3;14.390000343322754;14.7;9.89;2.39;1.577;0.023799999999999998;1.656;3.85;10.35;4.69;10.91;8.93;0.1524;0.15960000000000002;0.1809;0.2418;2.87;8884790.0;1511290000.0;0.2;0.1522
WEGE3;33.66999816894531;33.73;39.95;10.55;5.292;0.0146;5.47;19.78;30.25;25.81;30.2;27.08;0.175;0.1348;0.22760000000000002;0.2642;1.69;231303000.0;13413900000.0;0.21;0.2609
WEST3;1.4299999475479126;1.42;0.0;0.43;0.0;0.0;0.35;0.62;0.0;0.72;0.0;0.0;0.0;0.0;0.0;0.0;6.07;978789.0;362222000.0;0.09;0.0
WIZS3;8.069999694824219;8.21;10.43;3.43;1.578;0.0716;0.673;-9.37;3.92;-1.86;3.97;3.43;0.4021;0.2118;0.20120000000000002;0.3289;0.71;8459770.0;382701000.0;0.61;0.1281
YDUQ3;14.460000038146973;15.18;433.0;1.5;1.048;0.0083;0.475;4.39;9.2;-1.18;17.38;7.17;0.1139;0.0025;0.0621;0.0034999999999999996;1.64;74845400.0;3137430000.0;1.8;0.0632
